description,calories,proteins,fats,carbohydrates,sodium,Magnesium,calcium,iron,zinc,vitamin A,vitamin C,vitamin D,vitamin E,vitamin K,vitamin B1,vitamin B2,vitamin B3,vitamin B6,vitamin B12,SFA,MUFA,PUFA
"Rice, Basmati, Boiled",130,2.69,0.28,27.8,1,12,10,0.2,0.49,0,0,0,0.04,0,0.02,0.01,0.4,0.09,0,0.08,0.09,0.08
Rice,116.45,3.19,0.49,24.73,0.5,8.48,2.24,0.39,0.48,0,0,0,0.03,0.92,0.02,0.01,0.29,0.03,0,0.15,0.1,0.16
"Rice, Keeri Samba, Boiled",111.18,2.56,0.56,23.99,0.63,6.7,1.98,0.05,0.56,0,0,0,0.02,0.77,0.02,0.01,0.47,0.04,0,0.19,0.12,0.16
"Rice, Red Kekulu, Boiled",120.79,2.85,0.7,25.61,0.53,10.46,1.56,0.29,0.61,0,0,0,0.03,0.88,0.18,0.02,0.35,0.03,0,0.18,0.19,0.22
"Rice, Samba, Boiled",116.45,3.19,0.49,24.73,0.5,8.48,2.24,0.39,0.48,0,0,0,0.03,0.92,0.02,0.01,0.29,0.03,0,0.15,0.1,0.16
"Rice, White Kekulu, Boiled",131.18,2.78,0.53,28.71,1.08,7.2,1.64,0.23,0.58,0,0,0,0.03,1.04,0.02,0.01,0.43,0.04,0,0.18,0.11,0.16
"Rice, White Nadu, Boiled",130.85,2.43,0.87,28.2,0.77,13.21,3.09,0.42,0.53,0,0,0,0.03,0.79,0.02,0.02,0.62,0.05,0,0.24,0.21,0.29
Fried Rice,174,3.84,3.19,32.5,361,9.7,11,0.46,0.69,22,0,0,0.03,0.92,0.02,0.01,0.29,0.03,0,0.49,0.59,1.13
Yellow Rice,103,1.76,2.43,18.3,41,29,11,0.6,0.31,22,0,0.1,0.28,2.4,0.08,0.03,0.88,0.14,0,0.38,1.07,0.81
Kiribath,114.17,2.86,1.91,21.29,212.91,7.11,2.15,0.33,0.41,0,0,0,0.02,0.77,0.17,0.01,0.24,0.02,0,1.42,0.25,0.17
"Milk Rice, Red",114.66,2.5,2.09,21.31,267.75,8.47,1.6,0.24,0.49,0,0,0,0.02,0.71,0.14,0.01,0.28,0.03,0,1.47,0.32,0.22
Bun,273,8.6,6.3,42.2,524,36,176,3.55,0.9,0,0,0,0.36,2.7,0.43,0.27,4.07,0.08,0,1.5,3.11,1.11
Brown Bread,265,13.4,4.23,35.9,381,78,103,2.5,1.7,0,0.1,0,0.37,1.4,0.28,0.13,4.04,0.26,0,0.87,0.76,1.87
Sandwich Bread,270,9.43,3.59,46.9,477,27,211,3.36,0.88,0,0,0,0.22,0.2,0.51,0.24,4.76,0.09,0,0.82,0.72,1.87
White Bread,270,9.43,3.59,46.9,477,27,211,3.36,0.88,0,0,0,0.22,0.2,0.51,0.24,4.76,0.09,0,0.82,0.72,1.87
Chinese Rolls,250,8.28,11.9,24.7,468,18,40,1.41,0.62,0,0,0,0,58.9,0.17,0.08,2.72,0.17,0.44,2.12,3.04,5.6
Pastry,374,8,21.9,36.2,417,15,35,1.8,0.7,0,0.1,0.05,0.35,6.9,0.19,0.26,2,0.04,0.2,6.79,11.3,2.58
Mc Donald's Big Mac Burger,261,11.9,14.1,20.1,485,25,127,1.4,2.16,27,0.3,0.1,0.06,16.4,0.18,0.2,3.63,0.17,1.27,5.04,5.09,3.83
Icing Cake,403,3.59,15.8,62.4,336,6,35,1.12,0.33,50,0,0.6,1.01,5.9,0.13,0.29,1.24,0.03,0.26,4.52,3.91,5.3
Butter Cake,353,5,14,53,377,8,47,1.48,0.43,70,0,0.8,0.65,1.7,0.17,0.25,1.62,0.04,0.36,4.81,3.02,3.42
Chocolate Cake,399,3.63,15.9,57.1,332,36,116,3.6,1.04,1,1.9,0,1.09,10.6,0.04,0.08,0.93,0.14,0.06,4.88,8.52,1.82
Cheese Cake,339,1.64,15.2,43.3,339,15,59,0.64,0.59,86,0.1,0,0,0,0.1,0.12,0.68,0.06,0.34,5.39,7.13,1.64
Pepperoni Pizza - Pizza Hut,298,12,14.2,28.7,692,22,146,2.14,1.54,47,1,0,0.78,19.3,0.29,0.25,3.84,0.14,0.64,1.8,6.42,4.46
Sausage Pizza - Pizza Hut,287,11.1,13.8,27.6,596,21,132,2.39,1.25,47,1.6,0,0.78,19.3,0.4,0.2,3.83,0.09,0.48,4.86,4.27,3.72
Cheese Pizza - Pizza Hut,276,10.8,11.2,30.7,580,21,192,2.47,1.31,0,1.9,0,0.74,1.1,0.39,0.22,3.48,0.08,0.33,4.39,2.76,3.12
Chapathi,297,11.2,7.45,41.5,409,62,93,3.01,1.57,2,0,0,0.88,3.6,0.55,0.2,6.78,0.27,0,2.95,2.89,1.61
Paratha,326,6.36,13.2,35.8,452,37,25,1.61,0.82,2,0,0,1.35,3.4,0.09,0.08,1.83,0.08,0,5.83,3.84,2.48
Thosai,210,5.7,4.05,35.2,309,14,16,2.19,0.75,0,0.3,0,0.53,5,0.23,0.04,1.74,0.1,0,0.59,1.64,1.64
Naan,311,11.1,7.28,45,508,74,64,1.88,1.35,2,0,0,1.44,3.6,0.15,0.2,3.89,0.14,0,3.16,2.12,1.37
Coconut Roti,291.06,7.17,6.02,48.3,442.15,19.97,13.79,1.16,0.63,0.71,3.82,0,0.09,0.42,0.09,0.03,0.9,0.05,0,4.88,0.28,0.32
Vegetable Rotti,226.57,5.57,6.06,34.18,808.59,20.96,25.47,1.09,0.51,56.47,7.96,0.26,0.42,4.66,0.08,0.05,0.84,0.1,0.04,4.38,0.6,0.41
Chicken Kottu Roti,176.36,6.45,8.17,14.48,341.82,24.74,36.43,1.17,0.59,106.15,9.29,0.3,0.93,20.6,0.07,0.11,1.89,0.21,0.11,4.36,1.88,1.15
Fried Noodles,126.4,4.84,2.95,18.79,385.06,13.54,24.55,0.72,0.29,90.56,3.78,0.24,0.22,8.37,0.04,0.06,0.37,0.09,0.08,1.85,0.47,0.31
Boiled Noodles,112.56,4.37,0.26,22.03,14.84,8.66,7.11,0.41,0.14,0,0,0,0,0,0.03,0.01,0.27,0.02,0,0.04,0.03,0.1
Instant Noodles,164.29,3.91,5.9,23.87,463.23,8.66,57.71,1.39,0.14,0,0,0,0,0,0.03,0.01,0.27,0.02,0,2.56,2.23,1.11
"String Hoppers, White",202.89,3.82,0.71,43.6,746.78,12.59,4.26,0.12,0.65,0,0,0,0,0,0.05,0,0.69,0.03,0,0.21,0.24,0.21
"String Hoppers, Red",201.95,3.95,2.11,38.91,763.95,68.05,6.47,0.82,1.05,0,0,0,0.33,0,0.18,0,3.29,0.07,0,0.31,0.55,0.55
Hoppers,142.47,2.68,0.5,30.62,226.06,8.84,2.61,0.08,0.46,0,0,0,0.03,1.1,0.03,0,0.48,0.02,0,0.15,0.17,0.15
Pasta Boiled,158,5.8,0.93,29.1,1,18,7,0.5,0.51,0,0,0,0.06,0.5,0.02,0.02,0.4,0.05,0,0.18,0.13,0.33
Corn Flakes,365,6.4,1.6,76,703,29,4,28,0.6,10,0,5,0.11,0,1.03,1.02,12.9,1.44,1.8,0.2,0.35,0.75
Samaposha Ball,379.46,10.87,11.61,54.11,389.36,7.92,35.15,2.1,0.27,138.61,0.83,2.18,0.06,0.05,0.21,0.01,0.13,0.01,0.15,7.95,1.59,1.43
Oats,379,13.2,6.52,57.6,6,138,52,4.25,3.64,0,0,0,0,2,0.46,0.16,1.12,0.1,0,1.11,1.98,2.3
Pittu,344.47,5.24,13.19,48.09,463.53,25.1,9.25,1.03,1.1,0,1.22,0,0.09,0.07,0.08,0.01,0.92,0.05,0,11.25,0.78,0.35
Boiled Cassava With Salt,191,1.42,3.02,37.7,146,22,17,0.28,0.36,13,18.2,0,0.52,4.5,0.08,0.05,0.85,0.1,0,0.85,1.08,0.88
"Potato, Boiled",87,1.87,0.1,18.3,4,22,5,0.31,0.3,0,13,0,0.01,2.2,0.11,0.02,1.44,0.3,0,0.03,0,0.04
"Sweet Potato, Boiled",76,1.37,0.14,15.2,27,18,27,0.72,0.2,787,12.8,0,0.94,2.1,0.06,0.05,0.54,0.17,0,0.03,0,0.06
Sweet Potato Curry,95.37,1.81,5.24,12.9,520.78,19.61,31.94,0.83,0.28,355.97,7.18,0,0.56,3.5,0.05,0.04,0.38,0.15,0,3.05,0.51,0.16
"Potato Curry, White",71.38,1.49,3.31,8.23,373.24,14.55,14.38,0.61,0.21,0.43,10.62,0.07,0.23,1.88,0.04,0.01,0.39,0.07,0,2.61,0.45,0.16
Tempered Potato,131.55,1.93,6.61,13.78,470.21,22.32,20.06,0.49,0.31,1.67,24.08,0.13,0.09,2.35,0.07,0.02,0.66,0.13,0,5.2,0.48,0.18
French Fries,323,3.41,15.5,27.1,189,37,19,0.8,0.51,0,5.6,0,1.38,64.6,0.18,0.04,3.22,0.38,0,2.27,7.38,4.73
Cassava Chips,515,1.34,25.9,65.5,296,46,52,0.72,0.85,0,0,0,2.78,5.3,0.05,0.03,1.2,0.13,0,9.69,8.44,7.77
Chickpea (Boiled),164,8.86,2.59,19.8,7,48,49,2.89,1.53,1,1.3,0,0.35,4,0.12,0.06,0.53,0.14,0,0.27,0.58,1.16
Cowpea (Boiled),116,7.73,0.53,14.3,4,53,24,2.51,1.29,1,0.4,0,0.28,1.7,0.2,0.05,0.5,0.1,0,0.14,0.04,0.22
Green Grams Boiled,131.82,9.99,0.42,13.31,5.67,66.36,44.98,1.89,1.3,8.86,0,1.64,0.16,5.41,0.19,0.13,1,0.15,0,0.12,0.01,0.29
"Dhal Curry, Thick",129.43,7.51,2.36,16.49,417.63,18.16,21.79,2.22,1.02,16.82,5.54,0.36,0.72,3.65,0.25,0.07,0.91,0.2,0,1.64,0.34,0.3
"Dhal Curry, Watery",93.77,5.17,2.2,11.42,389.35,12.3,15.05,1.61,0.7,15.43,2.93,0.38,0.56,2.45,0.17,0.05,0.63,0.14,0,1.62,0.29,0.24
"Dhal Curry, Spinach",78.88,4.61,1.52,9.87,242.1,15.74,20.14,1.58,0.64,35.2,4.95,0.17,0.5,30.73,0.15,0.05,0.55,0.14,0,1.07,0.21,0.18
Soya Curry,99.93,10.3,2.35,8.57,546.27,7.75,17.96,0.62,0.17,23.43,5.27,0.54,0.9,3.38,0.02,0.02,0.27,0.07,0,1.73,0.37,0.22
Tofu,76,8.08,4.78,1.57,7,30,350,5.36,0.8,26,0.1,0,0.01,2.4,0.08,0.05,0.19,0.05,0,0.69,1.06,2.7
Mixtures,534,15.81,32.27,45.11,675,100,36.5,1.38,1.73,0,0,0,2.49,0.15,0.14,0.12,7.82,0.25,0,15.19,11.6,5.48
Dhal Vadai,351.19,15.64,14.2,36.47,"1,000.32",95.41,44.34,4.63,2.61,29.8,4.8,1.16,0.68,4.13,0.3,0.12,1.52,0.24,0,8.62,1.44,2.18
Boiled Bread Fruit,78.63,0.82,0.18,16.95,1.53,19.09,12.98,0.41,0.09,0,22.14,0,0.08,0.38,0.08,0.02,0.69,0.08,0,0.04,0.03,0.05
Boiled Jackfruit,38.23,1.53,0.08,7.19,2.29,0,22.94,0.31,0,22.94,0,0,0,0,0.04,0.04,0,0,0,0.02,0.02,0.02
Breadfruit Curry,90.53,1.37,2.62,13.69,267.43,19.27,22.73,0.85,0.18,1.21,20.39,0,0.4,2.34,0.07,0.03,0.55,0.09,0,2.03,0.37,0.14
Jackfruit Curry,71.61,2.18,4.51,4.73,482.86,22.65,41.3,0.75,0.28,22.68,18.63,4.45,0.92,15.18,0.04,0.04,0.37,0.11,0,3.41,0.51,0.32
Polos Curry,71.61,2.18,4.51,4.73,482.86,22.65,41.3,0.75,0.28,22.68,18.63,4.45,0.92,15.18,0.04,0.04,0.37,0.11,0,3.41,0.51,0.32
Cucumber Salad,16.93,0.76,0.16,2.86,150.64,12,15.42,0.26,0.17,11.59,12.12,0,0.14,6.66,0.04,0.03,0.17,0.07,0,0.06,0.02,0.03
Mallum,58.62,1.03,4.37,3.16,626.78,35.89,76.17,1.26,0.64,167.41,10.87,0,0.6,160.72,0.01,0.06,0.61,0.19,0,3.67,0.3,0.21
Parsley,36,2.97,0.79,3.03,56,50,138,6.2,1.07,421,133,0,0.75,"1,640.00",0.09,0.1,1.31,0.09,0,0.13,0.29,0.12
Snake Gourd And Onion Salad,23.06,1.59,0.28,3.28,167.03,21.13,24.72,0.42,0.17,14.43,9.23,0.44,0.2,11.2,0.04,0.03,0.36,0.14,0,0.07,0.04,0.08
Vegetable Salad,48.72,0.85,0.18,10.39,48.35,13.37,16.8,0.35,0.17,121.89,13.37,0,0.22,5.36,0.05,0.03,0.46,0.1,0,0.04,0.02,0.06
Beans Curry,48.33,2.27,2.07,4.31,555.31,32.28,44.91,1.2,0.38,31.98,11.66,0.85,0.38,7.72,0.05,0.04,0.53,0.24,0,1.3,0.46,0.23
Beetroot Curry,63.47,1.65,3.4,5.14,845.57,16.06,25.23,1.1,0.32,40.23,10.05,0.97,1.22,4.1,0.03,0.05,0.49,0.12,0,2.56,0.47,0.34
Brinjal Curry,49.45,1.27,2.43,3.78,516.9,11.96,18.49,0.49,0.2,16.4,7.43,0.31,0.7,4.04,0.03,0.03,0.48,0.1,0,1.85,0.33,0.19
Vegetable Soup,38,1.78,0.87,4.98,239,12,14,0.48,0.18,37,6.3,0,0.21,16.9,0.04,0.04,0.94,0.08,0.04,0.17,0.33,0.31
Carrot Curry,126.4,4.84,2.95,18.79,385.06,13.54,24.55,0.72,0.29,90.56,3.78,0.24,0.22,8.37,0.04,0.06,0.37,0.09,0.08,1.85,0.47,0.31
Stir Fried Water Spinach (Kankun),110.53,1.38,7.67,6.03,638.37,17.01,55.36,1.07,0.44,"1,049.10",6.79,0,0.27,54.95,0.05,0.06,1.38,0.41,0,6.19,0.47,0.22
Mushroom Tempered,103.82,3.49,6.1,6.49,669.58,22.68,19.33,1.36,0.74,3.58,11.81,0.52,0.11,0.8,0.12,0.28,3.81,0.17,0,4.48,0.62,0.31
Okra White Curry,71.36,1.82,4.69,3.92,794.45,28.67,47.88,1.4,0.42,28.44,14.45,0.44,1.03,12.08,0.08,0.04,0.57,0.15,0,3.42,0.62,0.3
Cabbage White Curry,56.62,1.79,2.56,4.97,422.02,14.94,44.14,0.78,0.28,18.08,30.82,0.35,0.71,53.55,0.06,0.05,0.36,0.16,0,1.91,0.4,0.2
Pumpkin Curry,39.86,1.21,1.32,5.61,368.75,12.68,26.83,0.88,0.3,263.51,8.6,0,0.96,2.39,0.04,0.08,0.44,0.08,0,0.99,0.23,0.08
"Ash Plantain, White Curry",73.9,2.31,2.44,9.92,318.05,7.19,14.61,0.61,0.14,0.84,4.55,0,0.38,9.47,0.01,0.02,1.3,0.08,0,1.78,0.4,0.19
Kohila Curry,56.2,1.39,3.13,5.19,900.56,21.39,41.2,1.01,0.79,17.06,6.4,0.4,0.79,5.18,0.02,0.03,0.54,0.14,0,2.25,0.42,0.34
Drumstick (Muranga) Curry,52.28,1.78,2.3,4.89,559.62,27.23,27.08,0.56,0.32,2.07,73.44,0,0.2,0.85,0.04,0.05,0.38,0.1,0,1.82,0.31,0.1
Leeks Curry,90.03,1.63,5.33,8.06,451.72,18.33,39.21,1.23,0.22,52.18,12.65,0.42,0.93,20.28,0.05,0.03,0.42,0.18,0,4.14,0.57,0.33
Bittergourd Curry,86.4,1.64,6.5,3.81,712.77,16.04,28.54,0.75,0.53,36,42.03,0.53,0.82,3.48,0.04,0.04,0.49,0.12,0,5.08,0.71,0.33
Radish Curry,47.84,1.16,2.62,3.73,815.71,10.24,26.46,0.62,0.26,13.43,14.49,0.31,0.46,2.43,0.02,0.04,0.29,0.1,0,2.11,0.33,0.18
Snakegourd Curry,50.14,1.41,2.91,3.87,562.59,17.55,28.44,0.84,0.18,5.56,7.51,0.35,0.25,7.95,0.04,0.03,0.23,0.13,0,2.32,0.35,0.13
Mushroom Curry,57.13,3.08,2.07,5.2,470.27,18.9,21.26,1.46,0.66,22.96,8.39,0.96,0.77,2.82,0.1,0.25,3.38,0.16,0,1.34,0.29,0.26
Tomato Salad,29.23,1.06,0.17,5.33,410.03,12.13,18.25,0.35,0.18,24.87,27.7,0,0.33,5.84,0.04,0.03,0.41,0.11,0,0.04,0.02,0.06
Mixed Boiled Vegetables,34.81,1.39,0.17,5.72,35.86,17.58,30.9,0.71,0.28,279.72,13.87,0,0.5,27.56,0.06,0.07,0.6,0.11,0,0.04,0.02,0.06
Vegetable Chop Suey,62.88,1.66,1.44,9.85,319.35,20.35,33.92,0.5,0.3,114.25,13.84,0.24,0.15,17.36,0.06,0.03,0.55,0.16,0,0.96,0.13,0.16
"Beetroot, Boiled",44.33,1.66,0.18,6.97,80.41,23.71,16.49,0.82,0.36,2.06,5.05,0,0.04,0.21,0.03,0.04,0.34,0.07,0,0.03,0.03,0.06
"Carrot, Boiled",43.62,0.99,0.26,7.21,73.4,12.77,35.11,0.32,0.26,888.3,6.28,0,0.7,14.04,0.07,0.06,1.05,0.15,0,0.03,0.01,0.11
"Okra, Boiled",39.29,2.3,0.23,5.06,8.33,67.86,97.62,0.74,0.69,42.86,27.38,0,0.32,37.26,0.24,0.07,1.19,0.26,0,0.03,0.02,0.13
"Pumpkin, Boiled",28.57,1.1,0.11,6.59,1.1,13.19,23.08,0.88,0.35,468.13,9.89,0,1.16,1.21,0.05,0.12,0.66,0.07,0,0.06,0.01,0.01
"Cabbage, Bolied",25.51,1.31,0.1,3.37,18.37,12.24,40.82,0.48,0.18,5.1,37.35,0,0.15,77.55,0.06,0.04,0.24,0.13,0,0.03,0.02,0.02
"Spinach, Boiled",23.96,2.98,0.41,1.49,82.29,82.29,103.12,2.82,0.55,488.54,29.27,0,2.11,503.12,0.08,0.2,0.75,0.2,0,0.07,0.01,0.17
"Beans, Boiled",32,1.91,0.23,4.46,6,26,39,1.07,0.25,35,10.8,0,0.43,44.8,0.08,0.1,0.73,0.13,0,0.05,0.01,0.12
"Snake Gourd, Boiled",13.25,0.99,0.3,1.51,10.55,31.13,32.33,0.49,0.13,12.54,4.27,0.95,0.14,18.9,0.05,0.04,0.37,0.14,0,0.05,0.03,0.08
Anoda,75,1.57,0.68,14.7,7,17,10,0.27,0.16,0,12.6,0.8,0.27,5.26,0.1,0.13,0.64,0.26,0,0.05,0.09,0.07
Green Apple,58,0.44,0.19,10.8,1,5,5,0.15,0.04,5,3.57,2.45,0.18,3.2,0.02,0.03,0.13,0.04,0,0.03,0.01,0.05
"Red Apple, China Fuji",63,0.2,0.18,13.1,1,5,7,0.1,0.04,2,2.9,2.1,0.18,1,0.01,0.03,0.07,0.05,0,0.03,0.01,0.05
"Red Apple, Red Delicious",59,0.27,0.2,11.8,1,5,6,0.11,0.04,3,2.9,2.1,0.24,2.6,0.01,0.03,0.08,0.03,0,0.03,0.01,0.05
"Red Apple, Royal Gala",57,0.25,0.12,11.4,1,5,7,0.12,0.05,1,2.9,2.1,0.18,1.3,0.02,0.03,0.08,0.05,0,0.03,0.01,0.05
Avocado,160,2,14.7,1.83,7,29,12,0.55,0.64,7,10,0,2.07,21,0.07,0.13,1.74,0.26,0,2.13,9.8,1.82
Bael Fruit,133,2.63,0.57,28.21,1.56,34.1,47.95,0.23,0.14,0.42,7.5,0,0,0,0.03,0.04,0.25,0.03,0,0.13,0.11,0.15
Ambul Banana,109,1.11,1.09,23.37,3.15,25.67,9.39,0.51,0.23,9.68,13.61,0.2,0.78,5.44,0.01,0.05,0.82,0.64,0,0.4,0.06,0.42
Anamalu Banana,102,1.04,0.72,22.5,2.89,27.02,8.06,1.39,0.27,16.4,3.66,0.2,0.08,3.1,0.01,0.04,1.53,0.65,0,0.26,0.06,0.25
Cavendish Banana,99,1.14,0.33,22.41,0.94,27.49,6,0.22,0.11,10.95,3.2,14.84,0.48,1.8,0.01,0.03,0.46,0.38,0,0.12,0.02,0.12
Kolikuttu Banana,107,1.38,0.34,23.92,1.13,38,8.56,0.32,0.14,8.8,7.71,0.21,0.01,1.9,0.01,0.03,0.44,0.47,0,0.11,0.03,0.13
Red Banana,111,1.29,0.29,25.21,1.11,31.44,9.56,0.24,0.09,8.76,6.74,0.2,0.08,4.67,0.01,0.02,0.46,0.45,0,0.11,0.02,0.11
Black-Purple Berries (Ma-Dang),56,0.9,0.65,10.95,1.17,34.19,26.38,0.69,0.15,8.46,19.44,0.18,0.2,58,0.01,0.02,0.41,0.07,0,0.19,0.09,0.23
Dates,282,2.45,0.39,67,2,43,39,1.02,0.29,0,0.4,0,0.05,2.7,0.05,0.07,1.27,0.17,0,0.03,0.04,0.02
Gooseberry,44,0.88,0.58,5.9,1,10,25,0.31,0.12,15,27.7,0,0.37,0,0.04,0.03,0.3,0.08,0,0.04,0.05,0.32
Fresh Black Grapes,57,0.81,0.47,10,1,14,37,0.26,0.11,3,6.5,3.51,0.09,6.8,0.03,1.5,0.14,0.11,0,0.11,0.01,0.14
Fresh Green Grapes,69,0.72,0.16,17.2,2,0.07,10,0.36,0.07,3,3.2,7.01,0.19,14.6,0.07,0.07,0.19,0.09,0,0.09,0.01,0.12
Fresh Red Grapes,57,0.81,0.47,10,1,14,37,0.26,0.11,3,6.5,6.57,0.04,3.35,0.08,0.04,0.11,0.1,0,0.09,0.01,0.12
Guava,68,2.55,0.95,8.9,2,22,18,0.26,0.23,31,228,1.46,0.73,2.6,0.07,0.04,1.08,0.11,0,0.27,0.09,0.4
Ripen Jackfruit,72,3.3,0.14,13.49,2.65,29.8,28.62,0.19,0.12,4.15,4.15,0.85,0.06,8.09,0.05,0.01,0.51,0.21,0,0.04,0.04,0.04
Lemon,29,1.1,0.3,6.52,2,8,26,0.6,0.06,1,53,0.43,0.15,0,0.04,0.02,0.1,0.08,0,0.04,0.01,0.09
Lime,30,0.7,0.2,7.7,2,6,33,0.6,0.11,2,29.1,3.72,0.22,0.6,0.03,0.02,0.2,0.04,0,0.02,0.02,0.05
Naran,53,0.81,0.31,11.5,2,12,37,0.15,0.07,34,26.7,3.72,0.2,0,0.06,0.04,0.38,0.08,0,0.04,0.06,0.06
Bud Mango,40,0.57,0.57,7.67,1.32,14.87,13.51,0.57,0.09,173,32.08,0,0.28,5.15,0.03,0.04,0.22,0.1,0,0.17,0.15,0.14
Karthakolomban Mango,79,0.8,0.92,16.7,1.48,6.72,3.12,0.1,0.08,256,17.74,0,0.28,5.15,0.02,0.01,0.39,0.1,0,0.29,0.31,0.14
Tjc Mango,75,0.76,0.98,15.49,1.4,9.35,3.88,0.4,2.28,169,31.85,0,0.23,4.9,0.02,0.01,0.53,0.16,0,0.31,0.35,0.12
Vilad Mango,44,0.76,0.58,8.44,1.6,14.79,16.93,0.65,0.19,146,29.97,0,0.05,5.5,0.02,0.05,0.29,0.26,0,0.19,0.19,0.08
Mangosteen,52,0.63,0.24,11.41,3.79,12,4.69,0.28,0.21,0.3,26.33,0,0.38,33.18,0.01,0.01,0.58,0.18,0,0.18,0.17,0.09
Ceylon Olive,80,1.48,0.27,17.73,1.99,17.66,21.11,0.51,0.18,9.94,23.99,0,0.01,7.1,0,0.17,1.45,0.24,0,0.11,0.03,0.07
Orange,47,0.94,0.12,9.4,9,10.7,43,0.33,0.11,11,53.2,0,0.18,0,0.09,0.04,0.28,0.06,0,0.01,0.02,0.03
Papaya,43,0.47,0.26,9.1,8,21,20,0.25,0.08,47,60.9,0,0.3,2.6,0.02,0.03,0.36,0.04,0,0.08,0.07,0.06
Passion Fruit,97,2.2,0.7,13,28,29,12,1.6,0.1,64,30,0,0.02,0.7,0,0.13,1.5,0.1,0,0.06,0.09,0.41
Pear,42,0.5,0.23,7,0,8,4,0,0.02,0,3.8,0,0.12,4.5,0.01,0.01,0.22,0.02,0,0.01,0.05,0.05
Pineapple,45,0.55,0.13,10.4,1,12,13,0.25,0.08,3,16.9,0,0.02,0.7,0.08,0.03,0.47,0.11,0,0.01,0.01,0.04
Pomegranate,83,1.67,1.17,14.7,3,12,10,0.3,0.35,0,10.2,0,0.6,16.4,0.07,0.05,0.29,0.08,0,0.12,0.09,0.08
Raisins,296,2.52,0.54,71.7,28,30,28,2.59,0.18,0,5.4,0,0.02,1.8,0.11,0.18,1.11,0.19,0,0.18,0.02,0.16
Rambutan,73,0.68,0.16,16.84,1.75,21.38,8.67,0.37,0.55,0.48,65,0.65,0.27,4,0.11,0.01,0.26,0.04,0,0.14,0.16,0.36
Rose Apple,25,0.6,0.3,4.6,0,5,29,0.07,0.06,17,22.3,1.43,0.04,2.5,0.02,0.03,0.8,0.04,0,0.07,0.02,0.05
Sapota,78,0.9,1.28,15.02,4.63,16.85,17.97,0.35,0.15,13.15,26.07,3.24,0.06,2.6,0.01,0.02,0.21,0.12,0,0.39,0.25,0.35
Soursop,66,1,0.3,13.5,14,21,14,0.6,0.1,0,20.6,0,0.08,0.4,0.07,0.05,0.9,0.06,0,0.05,0.09,0.07
Star Fruit,31,1.04,0.33,3.93,2,10,3,0.08,0.12,3,34.4,0,0.15,0,0.01,0.02,0.37,0.02,0,0.02,0.03,0.18
Strawberry,35,0.64,0.22,5.33,10,11.8,12,0.28,0.18,1,56,26.21,0.11,2.1,0.03,0.02,0.39,0.04,0,0.01,0.04,0.16
Tamarind,239,2.8,0.6,57.4,28,92,74,2.8,0.1,2,3.5,0,0.1,2.8,0.43,0.15,1.94,0.07,0,0.27,0.18,0.06
Water Melon,30,0.61,0.15,7.15,1,10,7,0.24,0.1,28,8.1,0,0.05,0.1,0.03,0.02,0.18,0.05,0,0.02,0.04,0.05
Wood Apple,78,3.09,3.62,7.43,1.45,25.16,59.15,0.45,0.32,0.46,13.58,0,0,0,0.03,0.01,0.56,0.14,0,0.87,0.57,1.45
Fruit Salad,86.09,0.77,0.45,19.57,5.3,19.82,16.05,0.38,0.12,42.81,34.4,0,0.32,2.9,0.03,0.04,0.52,0.18,0,0.14,0.07,0.12
Fish Ambul Thiyal,99.79,19.31,0.69,1.9,814.63,35.73,25.83,1.15,0.42,15.11,4.81,1.3,0.66,4.8,0.1,0.1,14.26,0.75,1.59,0.19,0.26,0.19
Chili Fish Curry,82.07,13.42,0.95,3,"1,038.12",30.07,32.25,1.34,0.46,56.23,4.23,2.06,1.68,5.66,0.08,0.1,9.83,0.6,1.05,0.21,0.29,0.39
"Fish, White Curry",102.72,11.65,4.05,3.36,499.11,23.97,20.62,1.14,0.32,8.45,3.79,0.73,0.46,2.47,0.07,0.06,8.02,0.45,0.89,3.13,0.6,0.24
Canned Salmon (Mackeral) Curry,111.03,12.04,5.55,2.31,307.56,6,267.77,0.44,0.13,13.88,9.66,0.31,0.5,2.16,0.02,0.02,0.21,0.07,0,3.5,0.42,0.2
Cuttlefish Curry,104.42,11.01,3.16,6.38,528.55,29.02,41.17,1.12,1.16,20.86,13.5,0.32,1.35,2.42,0.04,0.28,1.6,0.14,0.83,1.98,0.38,0.5
Prawns Curry,122.16,17.84,4.29,2.38,639.66,35.47,66.39,0.86,1.26,16.34,3.71,4.31,2.86,3.44,0.04,0.04,1.15,0.14,0,3.13,0.53,0.32
Dry Fish Curry,155.03,20.3,7.02,2.01,"5,330.87",41.08,43.35,0.98,0.57,20.43,4.19,0.44,0.6,2.45,0.01,0.03,0.9,0.19,0,3.5,0.76,0.48
Sprats Curry,168.35,16.96,8.85,4.21,"3,332.78",58.2,382.44,1.8,1.51,32.83,10.36,0.69,0.97,3.84,0.02,0.11,2.07,0.32,0,6.47,1.07,0.85
Maldive Fish,303,61.32,6.26,0,"10,612.00",133,51.12,3.44,3.02,22.29,0,0,0.41,0.66,0,0.18,3.19,2.99,0,2.71,1.54,1.38
Devilled Fish,171.67,16.63,6.86,5.32,806.13,29.07,18.71,0.83,0.36,20.05,13.34,1.2,0.38,2.57,0.1,0.1,12.19,0.69,1.36,5.4,0.5,0.27
Deep Fried Fish,279.1,37.14,13.32,0,68.49,53.27,6.22,1.18,0.57,27.4,0,2.59,0.38,0.23,0.18,0.18,28.16,1.42,3.17,10.73,0.98,0.44
Cuttlefish Tempered,124.46,9.09,6.12,6.35,470.65,25.71,38.74,0.75,0.97,7.29,15.77,0,0.7,0.86,0.05,0.23,1.27,0.16,0.67,4.46,0.53,0.45
Prawn Crackers,426,7.14,17.9,53.5,571,72,20,1.91,1.38,0,0,0,3.28,12.8,0.26,0.09,2.63,0.22,0.02,5.36,8,3.97
Chicken Curry,123.82,15.29,4.78,3.03,452.74,28.32,27.21,0.91,0.65,35.73,8.35,0.63,1.34,9.92,0.08,0.14,6.49,0.63,0.13,2.64,0.77,0.51
Devilled Chicken,172.29,17.04,6.34,6.43,713.52,27.33,21.25,0.57,0.63,17.5,16.65,0.14,0.67,8.41,0.1,0.15,7.16,0.7,0.17,3.95,0.79,0.45
Fried Chicken,288.86,39.27,13.39,0,78.55,48.87,8.82,0.65,1.19,15.71,0,0,0.99,14.72,0.16,0.31,16.76,1.42,0.37,10.33,2.18,0.89
Mc Donalds Chicken Nuggets,302,15.8,19.8,15.1,566,24,11,0.89,0.59,0,1.2,0,0,0,0.16,0.11,7.4,0.4,0.33,3.56,9.63,6.31
Kfc Fried Chicken,269,18.9,17.7,8.46,781,22,64,0.88,1.44,15,0,0,0.77,0,0.09,0.26,5.52,0.14,0.4,4.12,8.61,3.28
Chicken Sausage,193,19.6,12.2,1.09,705,22,38,1.38,3.04,0,0,0.5,0.28,0.5,0.05,0.35,5.91,0.39,1.41,2.98,3.61,3.71
Meat Balls Curry,164.62,7.62,6.77,9.6,192.77,9.24,18.99,0.65,0.2,30,11.04,0.72,0.98,3.7,0.02,0.03,0.39,0.11,0.81,4.87,0.9,0.47
"Egg, Boiled",155,12.6,10.6,1.12,124,10,50,1.19,1.05,149,0,2.2,1.03,0.3,0.07,0.51,0.06,0.12,1.11,3.27,4.08,1.41
Egg Bullseye,196,13.6,14.8,0.83,207,13,62,1.89,1.39,219,0,2.2,1.31,5.6,0.04,0.5,0.08,0.18,0.97,4.32,6.18,3.25
Omelet,154,10.6,11.7,0.64,155,11,48,1.48,1.09,172,0,1.7,1.29,4.5,0.03,0.39,0.06,0.14,0.76,3.32,4.84,2.71
Pork Salami,425,21.7,37,1.2,"1,890.00",22,10,1.52,4.2,0,0,0,0,0,0.93,0.33,5.6,0.55,2.8,13.1,18.4,3.6
Cooked Ground Pork,297,25.7,20.8,0,73,24,22,1.29,3.21,2,0.7,0.5,0.21,0,0.71,0.22,4.21,0.39,0.54,7.72,9.25,1.87
Cooked Pork Bratwurst,333,13.7,29.2,2.85,846,21,28,0.53,3.25,2,0,1.1,0.26,3.4,0.46,0.31,4.8,0.33,0.73,10,14.7,2.63
Pork Belly,404,26.6,32.2,0,448,20,55,1.08,3.52,10,0,1.6,0.28,0,0.54,0.4,8.92,0.49,0.89,11.7,14,5.38
Pork Ham,126,19.6,3.68,2.36,"1,030.00",20.3,6,0.86,1.76,0,0,0.7,0.27,0,0.71,0.19,4.16,0.26,0.95,1.25,1.6,0.68
Streaky Bacon Cooked,476,39,34.1,0.48,"1,780.00",34,13,1.14,3.51,0,0,1,0.48,0,0.55,0.26,10.7,0.51,1,11.6,15.2,5.6
Beef Curry,112,7.56,6.53,5.06,359,17,20,1.17,1.84,46,8.6,0,1.26,9.4,0.05,0.09,1.44,0.2,0.54,1.8,2.49,1.89
Roasted Mutton,234,33.4,11.1,0.08,135,31,10,4.76,5.93,0,0,0,0.8,0,0.06,0.3,6.52,0.38,4.44,5.14,4.46,0.81
Full Cream Liquid Milk / Fresh Milk,60,3.28,3.2,4.67,38,12,123,0,0.41,32,0,1.1,0.05,0.3,0.06,0.14,0.1,0.06,0.54,1.86,0.69,0.11
Low Fat Fresh Milk,43,3.38,0.95,5.19,39,12,126,0,0.43,58,0,1.1,0.02,0.1,0.06,0.14,0.11,0.06,0.61,0.57,0.21,0.03
Full Cream Milk Tea,63.3,2.13,2.64,7.9,22.71,6.92,80.83,0.64,0.24,58.73,1.06,1.14,0,0,0.01,0.13,0,0,0.22,1.7,0.73,0.08
Non-Fat Milk Tea,49.66,2.93,0.12,9.37,22.71,6.92,105.5,0.64,0.3,58.73,1.18,0,0,0,0.03,0.19,0,0.02,0.44,0.08,0.03,0
Malted Drink (Nestomalt),88,3.86,3.62,10.1,79,17,117,0.09,0.43,33,0.2,1.4,0.56,0.5,0.08,0.24,0.52,0.07,0.46,2.04,0.9,0.28
Butter,717,0.85,81.1,0.06,11,2,24,0.02,0.09,684,0,0,2.32,7,0,0.03,0.04,0,0.17,50.5,23.4,3.01
Cheddar Cheese,408,23.3,34,2.44,654,27,707,0.16,3.67,316,0,0.6,0.75,2.4,0.03,0.44,0.05,0.07,1.06,23.2,8.44,1.48
Mozerella Cheese,324,13.6,17.9,25.6,"1,010.00",21,331,0.84,1.98,96,0,0.6,0.74,25.4,0.15,0.26,0.98,0.08,0.95,6.64,4.29,5.1
Paneer (Cottage Cheese),299,15.9,15.5,22.5,185,58,597,0,2.04,155,0,5.3,0.24,1.5,0.27,0.67,0.51,0.3,2.62,10.82,3.94,0.52
Margarine,717,0.16,80.7,0.7,751,3,3,0.06,0,819,0.2,0,9,93,0.01,0.04,0.02,0.01,0.1,15.2,38.9,24.3
Ghee Oil,876,0.28,99.5,0,2,0,4,0,0.01,840,0,0,2.8,8.6,0,0,0,0,0.01,65.37,30.44,3.69
Yoghurt,61,3.47,3.25,4.66,70,17,189,0.24,0.89,27,0.5,0.1,0.03,1.2,0.03,0.14,0.08,0.03,0.37,2.1,0.89,0.09
Curd,98,11.1,4.3,3.38,315,8,83,0.07,0.4,37,0,0.1,0.08,0,0.03,0.16,0.1,0.05,0.43,1.72,0.78,0.12
Vanilla Ice Cream,207,3.5,11,22.9,80,14,128,0.09,0.69,118,0.6,0.2,0.3,0.3,0.04,0.24,0.12,0.05,0.39,6.79,2.97,0.45
Chocolate Ice Cream,216,3.8,11,27,76,29,109,0.93,0.58,118,0.7,0.2,0.3,0.3,0.04,0.19,0.23,0.05,0.29,6.8,3.21,0.41
Flavored Milk,69,2.4,1.8,10.9,50,11,100,0.33,0.16,60,2,1.3,0.01,0.1,0.01,0.3,0.11,0.4,0.06,1.1,0.6,0.09
Cappuccino,27,1.71,0.99,2.75,23,20,65,0.02,0.23,42,0.1,0.6,0.02,0.1,0.03,0.1,0.94,0.03,0.22,0.57,0.2,0.05
Sweetened Condensed Milk,321,7.91,8.7,54.4,127,26,284,0.19,0.94,74,2.6,0.2,0.16,0.6,0.09,0.42,0.21,0.05,0.44,5.49,2.43,0.34
Heavy Cream,340,2.84,36.1,2.84,27,7,66,0.1,0.24,411,0.6,1.6,0.92,3.2,0.02,0.19,0.06,0.04,0.16,24.8,9.6,1.57
Almond,579,21.2,49.9,9.1,1,270,269,3.71,3.12,0,0,0,25.6,0,0.2,1.14,3.62,0.14,0,3.8,31.6,12.3
Cashews,553,18.2,43.8,26.9,12,292,37,6.68,5.78,0,0.5,0,0.9,34.1,0.42,0.06,1.06,0.42,0,8.44,25.8,8.51
Peanuts,587,24.4,49.7,12.9,6,178,58,1.58,2.77,0,0,0,4.93,0,0.15,0.2,14.4,0.47,0,8.92,29.81,10.97
Sesame Seeds,567,17,48,9.1,39,346,131,7.78,10.2,3,0,0,0.25,0,1.2,0.47,5.44,0.15,0,6.96,18.8,21.8
Mustard Seeds,508,19.57,40.06,16.85,2.94,215,412,13.66,3.95,6.98,0,32.14,1.32,8.01,0.52,0.34,3.73,0.23,0,2.1,26,11.97
Kottamba,458,17.14,41.28,3.2,7.76,123,200,2.79,4.54,0,0,0,0,6.86,0,0.02,0.07,0.32,0,15.93,12.62,10.77
Raw Coconut,354,3.33,33.5,6.2,20,32,14,2.43,1.1,0,3.3,0,0.24,0.2,0.07,0.02,0.54,0.05,0,29.73,1.42,0.37
Pol Sambol,178.64,2.88,14.52,7,318.31,22.33,23,1.39,0.64,17.77,6.09,0.45,0.57,1.57,0.06,0.04,0.47,0.15,0,12.69,0.67,0.28
Coconut Milk - 1St Milk,64,0.73,5.76,2.21,12.73,14.94,5.85,1.07,0.18,0,0.32,0,0,0,0.01,0,0.21,0.01,0,5,0.61,0.15
Coconut Milk - 2Nd Milk,33.52,0.38,3.02,1.16,6.67,7.47,2.92,0.54,0.09,0,0.16,0,0,0,0,0,0.1,0,0,2.62,0.32,0.08
Coconut Milk Gravy (Kiri Hodi),52.25,1,3.8,2.9,536.42,6.01,12.93,0.55,0.11,1.52,6.98,0,0.27,1.71,0.01,0.01,0.09,0.04,0,3.16,0.47,0.14
Dessicated Coconut,660,6.88,64.5,7.3,37,90,26,3.32,2.01,0,1.5,0,0.44,0.3,0.06,0.1,0.6,0.3,0,60.2,3.04,0.71
Peanut Butter,639,22.5,51.1,17.5,429,169,49,1.73,2.54,0,0,0,9.11,0.3,0.14,0.19,13.3,0.44,0,10.76,26.72,12.96
Cashew Curry,300.56,8.71,23.37,15.32,479.74,124.22,30.93,3.24,2.46,3.92,8.59,0.06,0.66,15.22,0.19,0.04,0.55,0.24,0,7.94,10.26,3.36
Tomato Sauce,109,1.08,0.32,26.8,928,14,14,0.39,0.16,26,4.1,0,1.46,3,0.01,0.17,1.43,0.16,0,0.01,0.01,0.04
Chili Sauce,21,0.9,0.6,3.2,25,12,9,0.5,0.15,23,30,0,0.36,6.7,0.01,0.09,0.6,0.14,0,0.08,0.41,0.07
Salad Dressing,430,1.32,44.5,5.9,901,5,28,0.3,0.17,15,0,0.1,2.22,134,0.01,0.09,0.05,0.03,0.17,6.96,9.2,26.8
Chutney,246,0.33,0.06,59.6,802,4,19,0.43,0.05,0,7.7,0,0.11,0,0.01,0.07,0.03,0.02,0,0.01,0.03,0
Soy Sauce,53,8.14,0.57,4.13,"5,490.00",74,33,1.45,0.87,0,0,0,0,0,0.06,0.15,3.95,0.2,0,0.07,0.09,0.26
Oyster Sauce,51,1.35,0.25,10.6,"2,730.00",4,32,0.18,0.09,0,0.1,0,0,0,0.01,0.12,1.47,0.02,0.41,0.04,0.07,0.07
Mayonnaise Sauce,680,0.96,74.8,0.57,635,1,8,0.21,0.15,16,0,0.2,3.28,163,0.01,0.02,0,0.01,0.12,11.7,16.8,44.7
Salt,0,0,0,0,"38,700.00",0,50,0,0,0,0,0,0,0,0,0,0,0,0,0,0,0
Sugar,387,0,0,100,1,0,1,0.05,0.01,0,0,0,0,0,0,0.02,0,0,0,0,0,0
Hard Candy,394,0,0,98,38,3,3,0.3,0.01,0,0,0,0,0,0,0,0.01,0,0,0,0,0
Milk Chocolate,535,7.65,29.7,56,79,63,189,2.35,2.3,59,0,0,0.51,5.7,0.11,0.3,0.39,0.04,0.75,18.5,7.19,1.38
Honey,304,0.3,0,82.2,4,2,6,0.42,0.22,0,0.5,0,0,0,0,0.04,0.12,0.02,0,0,0,0
Bread Pudding,155,5.63,4.71,22.5,212,18,135,0.98,0.63,75,0.2,1.1,0.38,2.4,0.1,0.19,0.8,0.08,0.21,1.64,1.61,1.04
Doughnuts,417,5.2,22.4,48.3,388,46,38,2.81,0.84,3,0,0,1.77,10,0.29,0.3,2.32,0.05,0.04,9.28,7.54,4.49
Brown Sugar,380,0.12,0,98.1,28,9,83,0.71,0.03,0,0,0,0,0,0,0,0.11,0.04,0,0,0,0
Coconut Water,19,0.72,0.2,3.7,105,25,24,0.29,0.1,0,2.4,0,0,0,0.03,0.06,0.08,0.03,0,0.18,0.01,0
Immature Coconut Water,20,0.6,0.3,3.2,96,25,20,0.2,0.1,0,3.3,0,0,0,0.06,0.03,0.1,0.03,0,0.18,0.01,0
Lime Juice,25,0.42,0.07,8.02,2,8,14,0.09,0.08,2,30,0,0.22,0.6,0.03,0.01,0.14,0.04,0,0.01,0.01,0.02
Orange Juice,45,0.7,0.2,10.2,1,11,11,0.2,0.05,10,50,0,0.04,0.1,0.09,0.03,0.4,0.04,0,0.01,0.02,0.03
King Coconut Water,26,0,0,4.85,7,14,66,0,0.1,0,2.6,0,0,0,0.06,0.03,0.1,0.03,0,0,0,0
Kola Kanda,38.58,0.77,1.18,6.13,292.96,8.6,17.87,0.27,0.22,35.83,1.41,0,0.12,34.73,0,0.02,0.18,0.06,0,0.91,0.17,0.1
Water,0,0,0,0,4,1,3,0,0.01,0,0,0,0,0,0,0,0,0,0,0,0,0
Plain Tea,0,0,0,0,2,0,0,0,0,0,0,0,0,0,0,0,0,0,0,0,0,0
Black Coffee,2,0.3,0,0.17,1,4,2,0.02,0.02,0,0,0,0,0,0.02,0,0.8,0,0,0,0,0
Coca Cola,39,0,0,10.8,12,0,0,0,0,0,0,0,0,0,0,0,0,0,0,0,0,0
Coke Zero,2,0.11,0.03,0.29,8,1,3,0.11,0.01,0,0,0,0,0,0.02,0,0,0,0,0,0,0
Sprite,40,0.05,0.02,10.1,9,1,2,0.11,0.04,0,0,0,0,0,0,0,0.01,0,0,0,0,0
Pepsi,43,0,0,11.7,9,0,0,0,0,0,0,0,0,0,0,0,0,0,0,0,0,0
Cordial,33,0,0,7.6,7,0,0,0,0,0,7.5,0,0,0,0,0,0,0,0,0,0,0
Beer,43,0.46,0,3.55,4,6,4,0.02,0.01,0,0,0,0,0,0,0.03,0.51,0.05,0.02,0,0,0
Wine,83,0.07,0,2.72,5,11,8,0.37,0.13,0,0,0,0,0,0,0.02,0.17,0.05,0,0,0,0
Whiskey,231,0,0,0,1,0,0,0.04,0.04,0,0,0,0,0,0.01,0,0.01,0,0,0,0,0
Plain Biscuit,406,7.05,10.6,67,370,28,0,0,0.61,1,0,0,0.45,3.8,0.54,0.49,3.86,0.07,0.19,5.29,2.69,1.67
Cream Biscuit,464,5.21,19.1,68.1,388,47,21,12.1,0.74,1,0,0,2.47,27.4,0.2,0.24,2.6,0.02,0,5.65,9.28,3.56
Cracker Biscuit,426,7.12,15.1,63.7,430,78,46,3.94,1.55,1,0.2,0,1.4,13.5,0.34,0.15,4.08,0.14,0,2.24,5.32,6.27
Gotukola Mallum,110,3,7,10,180,45,170,3.5,0.6,442,35,0,2,212,0.05,0.15,1.2,0.2,0,5.5,1,0.5
Papadam,510,22,30,38,1100,70,60,4.5,2.5,0,0,0,0,0,0,0,0,0,0,10,12,8
Egg curry,180,9,13,6,400,25,100,2.5,1.2,500,4,40,1.5,10,0.1,0.3,0.5,0.2,1.1,5,5,2
Moringa curry,120,4,7,12,200,50,150,3.5,0.8,4000,25,0,2,300,0.15,0.2,1.5,0.2,0,5,1.5,0.5
Mango curry,140,2,8,18,180,30,60,1.5,0.5,800,20,0,1.8,40,0.1,0.15,1.2,0.15,0,5,2,1
Lunu sambol,90,2,4,14,600,35,70,2,0.7,200,35,0,1.5,30,0.1,0.1,1,0.15,0,2,1.5,0.5
Wade,320,9,18,30,400,45,80,3,1.2,150,2,0,2,5,0.25,0.2,2.5,0.2,0,6,8,3
Watalappam,250,6,12,30,100,40,100,2.5,1,300,1,20,1,3,0.1,0.2,1.5,0.15,0.6,7,3,1
Sausage Hotdog,310,11,20,23,950,22,90,2.2,1.6,180,2,25,1.8,6,0.25,0.3,3.2,0.25,1.2,8,9,3
Sweets ,420,5,20,55,250,30,70,2,1,250,4,10,2.5,5,0.15,0.25,2,0.15,0.3,9,7,3
Fried Filled,330,8,18,35,550,35,80,3,1.2,300,5,5,2.2,8,0.2,0.25,2.5,0.25,0.4,7,8,3
Baked Sweet Bun ,300,6,8,52,320,25,60,2.2,0.8,200,2,5,1.5,4,0.2,0.25,2.8,0.15,0.2,3,3,1.5
Baked Filled ,290,9,12,40,420,30,70,2.8,1.1,220,3,10,1.8,6,0.25,0.3,3,0.25,0.6,4,5,2
